kg_name;kg_id;analysis_date;Availability_sparqlEndpoint;Availability_RDFDumpM;Availability_RDFDumpQ;Availability_inactiveLinks;Availability_uriDef;Availability_voidAvailability;Licensing_licenseMetadata;Licensing_licenseQuery;Licensing_licenseHR;Interlinking_degreeConnection;Interlinking_clustering;Interlinking_centrality;Interlinking_sameAs;Security_useHTTPS;Security_requiresAuth;Performance_minLatency;Performance_maxLantency;Performance_averageLatency;Performance_sDLatency;Performance_minThroughput;Performance_maxThrougput;Performance_averageThroughput;Performance_sDThroughput;Performance_percentile25L;Performance_percentile75L;Performance_medianL;Performance_percentile25T;Performance_percentile75T;Performance_medianT;Accuracy_emptyAnn;Accuracy_wSA;Accuracy_malformedDataType;Accuracy_FPvalue;Accuracy_IFPvalue;Consistency_deprecated;Consistency_disjointClasses;Consistency_triplesMP;Consistency_triplesMC;Consistency_oHijacking;Consistency_undefinedClass;Consistency_undefinedProperties;Conciseness_exC;Conciseness_intC;Reputation_pageRank;Believability_title;Believability_description;Believability_URI;Believability_reliableProvider;Believability_trustValue;Verifiability_vocabularies;Verifiability_authorQ;Verifiability_authorM;Verifiability_contributor;Verifiability_publisher;Verifiability_sources;Verifiability_sign;Currency_creationDate;Currency_modificationDate;Currency_percentageUpData;Currency_timePassed;Volatility_frequency;Completeness_numTriples;Completeness_numTriplesL;Completeness_interlinkingC;Representational-conciseness_urisLenghtSA;Representational-conciseness_urisLenghtSSd;Representational-conciseness_urisLenghtOA;Representational-conciseness_urisLenghtOSd;Representational-conciseness_urisLenghtPA;Representational-conciseness_urisLenghtPSd;Representational-conciseness_minLengthS;Representational-conciseness_percentile25LengthS;Representational-conciseness_medianLengthS;Representational-conciseness_percentile75LengthS;Representational-conciseness_maxLengthS;Representational-conciseness_minLengthO;Representational-conciseness_percentile25LengthO;Representational-conciseness_medianLengthO;Representational-conciseness_percentile75LengthO;Representational-conciseness_maxLengthO;Representational-conciseness_minLengthP;Representational-conciseness_percentile25LengthP;Representational-conciseness_medianLengthP;Representational-conciseness_percentile75LengthP;Representational-conciseness_maxLengthP;Representational-conciseness_RDFStructures;Understandability_numLabel;Understandability_percentageLabel;Understandability_regexUri;Understandability_vocabularies;Understandability_example;Interpretability_numBN;Interpretability_RDFStructures;Versatility_languagesQ;Versatility_languagesM;Versatility_serializationFormats;Versatility_sparqlEndpoint;Versatility_availabilityDownloadQ;Versatility_availabilityDownloadM;totalScore;normalizedScore;availabilityScoreValue;licensingScoreValue;interlinkingScoreValue;performanceScoreValue;accuracyScoreValue;consistencyScoreValue;concisenessScoreValue;verifiabilityScoreValue;reputationScoreValue;believabilityScoreValue;currencyScoreValue;volatilityScoreValue;completenessScoreValue;amountScoreValue;repConsScoreValue;repConcScoreValue;understScoreValue;interpretabilityScoreValue;versatilityScoreValue;securityScoreValue
Czech statistical classification of economic activities in the European Community (CZ-NACE);cznace;2024-01-07;Available;-1;True;True;0.1008;VoID file available;Other (Open) - other-open -;https://creativecommons.org/licenses/by/4.0/;True;[];{};;5345991;False;False;0,121;0,161;0,144;0,013;8;8;8,0;0,0;0,141;0,150;0,146;8,0;8,0;8,0;1.0;0.9959109182183644;1.0;1.0;1.0;0.966124563739071;2.339864340395824e-05;1.0;1.0;True;1.0;0.9999981999241657;0.676509 (out of 1000000 triples considered);0.9947289156626506 (out of 1328 triples considered);None;Czech statistical classification of economic activities in the European Community (CZ-NACE);Czech statistical classification of economic activities in the European Community (CZ-NACE);https://linked.opendata.cz/zdroje/datové-sady/čsú/číselníky/cz-nace;True;1,0;17;;Name: Jakub Klímek, Email:klimek@opendata.cz;4;[];Web:https://linked.opendata.cz/zdroje/datové-sady/čsú/číselníky/cz-nace Name:Český statistický úřad Email:klimek@opendata.cz;False;665565;2023-06-01;6.33299407140442e-05%;221;True;611085366;0;0.00;88,064294 (out of 1000000 triples considered);39,30239397646873;67,24027002403771 (out of 999998 triples considered);42,107956143658164;55,650837988826815 (out of 1432 triples considered);14,875493959086702;15;60,0;90,0;91,0;216;8;16,0;99,0;103,0;254;21;45,0;56,0;67,0;111;True;27446003;4.49%;True;17;True;5793828;True;-;{};True;https://linked.opendata.cz/sparql;True;-1;0.763;76.349;0.5248;1.0;0.0021870884566396243;1.0;0.4;0.5912506769222187;0.8356189578313253;0.665;0.0;0.5;0.5;1.0;0.0;0.6666666666666666;0.15964523281596454;0.5005119231098836;4.7612283833515985;0.9961506997249654;0.6666666666666666;0.5
Czech statistical classification of economic activities in the European Community (CZ-NACE);cznace;2024-01-14;Available;-1;True;True;0.1006;VoID file available;Other (Open) - other-open -;https://creativecommons.org/licenses/by/4.0/;True;[];{};;5345991;False;False;0,108;0,190;0,141;0,026;7;9;7,6;0,66332495807108;0,136;0,137;0,136;7,0;8,0;7,5;1.0;0.9959109182183644;1.0;1.0;1.0;0.966124563739071;2.339864340395824e-05;1.0;1.0;True;1.0;0.9999981999241657;0.676509 (out of 1000000 triples considered);0.9947289156626506 (out of 1328 triples considered);None;Czech statistical classification of economic activities in the European Community (CZ-NACE);Czech statistical classification of economic activities in the European Community (CZ-NACE);https://linked.opendata.cz/zdroje/datové-sady/čsú/číselníky/cz-nace;True;1,0;17;;Name: Jakub Klímek, Email:klimek@opendata.cz;4;[];Web:https://linked.opendata.cz/zdroje/datové-sady/čsú/číselníky/cz-nace Name:Český statistický úřad Email:klimek@opendata.cz;False;665572;2023-06-01;6.33299407140442e-05%;228;True;611085366;0;0.00;88,064294 (out of 1000000 triples considered);39,30239397646873;67,24027002403771 (out of 999998 triples considered);42,107956143658164;55,650837988826815 (out of 1432 triples considered);14,875493959086702;15;60,0;90,0;91,0;216;8;16,0;99,0;103,0;254;21;45,0;56,0;67,0;111;True;27446003;4.49%;True;17;True;5793828;True;-;{};True;https://linked.opendata.cz/sparql;True;-1;0.763;76.349;0.5248;1.0;0.0021870884566396243;1.0;0.4;0.5912506769222187;0.8356189578313253;0.665;0.0;0.5;0.5;1.0;0.0;0.6666666666666666;0.15964523281596454;0.5005119231098836;4.7612283833515985;0.9961506997249654;0.6666666666666666;0.5
Czech statistical classification of economic activities in the European Community (CZ-NACE);cznace;2024-01-21;Available;-1;True;True;0.1;VoID file available;Other (Open) - other-open -;https://creativecommons.org/licenses/by/4.0/;True;[];{};;5345991;False;False;0,109;0,157;0,136;0,021;7;8;7,9;0,3;0,111;0,152;0,151;8,0;8,0;8,0;1.0;0.9959109182183644;1.0;1.0;1.0;0.966124563739071;2.339864340395824e-05;1.0;1.0;True;1.0;0.9999981999241657;0.676509 (out of 1000000 triples considered);0.9947289156626506 (out of 1328 triples considered);None;Czech statistical classification of economic activities in the European Community (CZ-NACE);Czech statistical classification of economic activities in the European Community (CZ-NACE);https://linked.opendata.cz/zdroje/datové-sady/čsú/číselníky/cz-nace;True;1,0;17;;Name: Jakub Klímek, Email:klimek@opendata.cz;4;[];Web:https://linked.opendata.cz/zdroje/datové-sady/čsú/číselníky/cz-nace Name:Český statistický úřad Email:klimek@opendata.cz;False;665579;2023-06-01;6.33299407140442e-05%;235;True;611085366;0;0.00;88,064294 (out of 1000000 triples considered);39,30239397646873;67,24027002403771 (out of 999998 triples considered);42,107956143658164;55,650837988826815 (out of 1432 triples considered);14,875493959086702;15;60,0;90,0;91,0;216;8;16,0;99,0;103,0;254;21;45,0;56,0;67,0;111;True;27446003;4.49%;True;17;True;5793828;True;-;{};True;https://linked.opendata.cz/sparql;True;-1;0.763;76.349;0.5248;1.0;0.0021870884566396243;1.0;0.4;0.5912506769222187;0.8356189578313253;0.665;0.0;0.5;0.5;1.0;0.0;0.6666666666666666;0.15964523281596454;0.5005119231098836;4.7612283833515985;0.9961506997249654;0.6666666666666666;0.5
Czech statistical classification of economic activities in the European Community (CZ-NACE);cznace;2024-01-28;Available;-1;True;True;0.0992;VoID file available;Other (Open) - other-open -;https://creativecommons.org/licenses/by/4.0/;True;[];{};;5345991;False;False;0,111;0,151;0,136;0,014;7;9;7,9;0,5385164807134504;0,134;0,148;0,136;8,0;8,0;8,0;1.0;0.9959109182183644;1.0;1.0;1.0;0.966124563739071;2.339864340395824e-05;1.0;1.0;True;1.0;0.9999981999241657;0.676509 (out of 1000000 triples considered);0.9947289156626506 (out of 1328 triples considered);None;Czech statistical classification of economic activities in the European Community (CZ-NACE);Czech statistical classification of economic activities in the European Community (CZ-NACE);https://linked.opendata.cz/zdroje/datové-sady/čsú/číselníky/cz-nace;True;1,0;17;;Name: Jakub Klímek, Email:klimek@opendata.cz;4;[];Web:https://linked.opendata.cz/zdroje/datové-sady/čsú/číselníky/cz-nace Name:Český statistický úřad Email:klimek@opendata.cz;False;665586;2023-06-01;6.33299407140442e-05%;242;True;611085366;0;0.00;88,064294 (out of 1000000 triples considered);39,30239397646873;67,24027002403771 (out of 999998 triples considered);42,107956143658164;55,650837988826815 (out of 1432 triples considered);14,875493959086702;15;60,0;90,0;91,0;216;8;16,0;99,0;103,0;254;21;45,0;56,0;67,0;111;True;27446003;4.49%;True;17;True;5793828;True;-;{};True;https://linked.opendata.cz/sparql;True;-1;0.763;76.349;0.5248;1.0;0.0021870884566396243;1.0;0.4;0.5912506769222187;0.8356189578313253;0.665;0.0;0.5;0.5;1.0;0.0;0.6666666666666666;0.15964523281596454;0.5005119231098836;4.7612283833515985;0.9961506997249654;0.6666666666666666;0.5
DBpedia in French;dbpediafr;2024-01-07;Available;1;True;False;0.6634;VoID file offline;Creative Commons Attribution Share-Alike - cc-by-sa -;http://creativecommons.org/licenses/by-sa/3.0/;True;6;0,533;0,003;35035799;True;False;0,081;0,140;0,099;0,022;6;13;10,9;1,972308292331602;0,082;0,101;0,092;10,25;12,0;12,0;1.0;0.999952;1.0;1.0;1.0;1.0;-;1.0;1.0;True;1.0;0.9999269834448802;0.977329 (out of 1000000 triples considered);0.9865135209713024 (out of 28992 triples considered);0,0009152178830736873;DBpedia in French;DBpedia in French dataset. Part of the DBpedia internationalisation effort. Data are extracted here from French speaking pages of wikipedia.;http://fr.dbpedia.org;True;1,0;12;4;False;2;21;Web:http://fr.dbpedia.org Name:julien_cojan Email:contact@dbpedia.fr;False;413;2022-12-08;8.346020931169507e-07%;397;[];359452729;1956312;0.01;87,44283944283944 (out of 1000000 triples considered);22,953798450383673;43,670859538784065 (out of 999999 triples considered);14,86827732959211;42,89920250537126 (out of 27461 triples considered);6,456530949833122;29;75,0;85,0;97,0;503;10;35,0;38,0;47,0;101;22;39,0;42,0;46,0;273;True;14915081;4.15%;True;17;True;165390;True;-;{};True;http://fr.dbpedia.org/sparql;True;1;0.619;61.869;0.915;0.5;0.024367459316187303;1.0;0.4;0.4;0.9819212604856512;0.8316666666666667;9.152178830736873e-05;0.5;0.5;0.0;0.01;0.6666666666666666;0.4652605459057072;0.5020666652001691;2.010373464851341;0.9997999034925926;0.6666666666666666;1.0
DBpedia in French;dbpediafr;2024-01-14;Available;1;True;False;0.662;VoID file offline;Creative Commons Attribution Share-Alike - cc-by-sa -;http://creativecommons.org/licenses/by-sa/3.0/;True;6;0,533;0,003;35035799;True;False;0,083;0,145;0,102;0,023;9;13;11,8;1,0770329614269007;0,084;0,106;0,090;12,0;12,0;12,0;1.0;0.999952;1.0;1.0;1.0;1.0;-;1.0;1.0;True;1.0;0.9999269834448802;0.977329 (out of 1000000 triples considered);0.9865135209713024 (out of 28992 triples considered);0,0009152178830736873;DBpedia in French;DBpedia in French dataset. Part of the DBpedia internationalisation effort. Data are extracted here from French speaking pages of wikipedia.;http://fr.dbpedia.org;True;1,0;12;4;False;2;21;Web:http://fr.dbpedia.org Name:julien_cojan Email:contact@dbpedia.fr;False;420;2022-12-08;8.346020931169507e-07%;404;[];359452729;1956312;0.01;87,44283944283944 (out of 1000000 triples considered);22,953798450383673;43,670859538784065 (out of 999999 triples considered);14,86827732959211;42,89920250537126 (out of 27461 triples considered);6,456530949833122;29;75,0;85,0;97,0;503;10;35,0;38,0;47,0;101;22;39,0;42,0;46,0;273;True;14915081;4.15%;True;17;True;165390;True;-;{};True;http://fr.dbpedia.org/sparql;True;1;0.619;61.869;0.915;0.5;0.024367459316187303;1.0;0.4;0.4;0.9819212604856512;0.8316666666666667;9.152178830736873e-05;0.5;0.5;0.0;0.01;0.6666666666666666;0.4652605459057072;0.5020666652001691;2.010373464851341;0.9997999034925926;0.6666666666666666;1.0
DBpedia in French;dbpediafr;2024-01-21;Available;1;True;False;0.6708;VoID file offline;Creative Commons Attribution Share-Alike - cc-by-sa -;http://creativecommons.org/licenses/by-sa/3.0/;True;6;0,533;0,003;35035799;True;False;0,068;0,116;0,090;0,019;9;13;11,8;1,0770329614269007;0,074;0,109;0,084;12,0;12,0;12,0;1.0;0.999952;1.0;1.0;1.0;1.0;-;1.0;1.0;True;1.0;0.9999269834448802;0.977329 (out of 1000000 triples considered);0.9865135209713024 (out of 28992 triples considered);0,0009152178830736873;DBpedia in French;DBpedia in French dataset. Part of the DBpedia internationalisation effort. Data are extracted here from French speaking pages of wikipedia.;http://fr.dbpedia.org;True;1,0;12;4;False;2;21;Web:http://fr.dbpedia.org Name:julien_cojan Email:contact@dbpedia.fr;False;427;2022-12-08;8.346020931169507e-07%;411;[];359452729;1956312;0.01;87,44283944283944 (out of 1000000 triples considered);22,953798450383673;43,670859538784065 (out of 999999 triples considered);14,86827732959211;42,89920250537126 (out of 27461 triples considered);6,456530949833122;29;75,0;85,0;97,0;503;10;35,0;38,0;47,0;101;22;39,0;42,0;46,0;273;True;14915081;4.15%;True;17;True;165390;True;-;{};True;http://fr.dbpedia.org/sparql;True;1;0.619;61.869;0.915;0.5;0.024367459316187303;1.0;0.4;0.4;0.9819212604856512;0.8316666666666667;9.152178830736873e-05;0.5;0.5;0.0;0.01;0.6666666666666666;0.4652605459057072;0.5020666652001691;2.010373464851341;0.9997999034925926;0.6666666666666666;1.0
DBpedia in French;dbpediafr;2024-01-28;Available;1;True;False;0.66;VoID file offline;Creative Commons Attribution Share-Alike - cc-by-sa -;http://creativecommons.org/licenses/by-sa/3.0/;-;6;0,533;0,003;35035799;True;False;0,080;0,173;0,107;0,034;7;13;11,1;1,5132745950421558;0,088;0,099;0,096;11,0;12,0;11,0;1.0;0.999952;1.0;1.0;1.0;1.0;-;1.0;1.0;True;1.0;0.9999269834448802;0.977329 (out of 1000000 triples considered);0.9865135209713024 (out of 28992 triples considered);0,0009152178830736873;DBpedia in French;DBpedia in French dataset. Part of the DBpedia internationalisation effort. Data are extracted here from French speaking pages of wikipedia.;http://fr.dbpedia.org;True;1,0;12;4;False;2;21;Web:http://fr.dbpedia.org Name:julien_cojan Email:contact@dbpedia.fr;False;434;2022-12-08;8.346020931169507e-07%;418;[];359452729;1956312;0.01;87,44283944283944 (out of 1000000 triples considered);22,953798450383673;43,670859538784065 (out of 999999 triples considered);14,86827732959211;42,89920250537126 (out of 27461 triples considered);6,456530949833122;29;75,0;85,0;97,0;503;10;35,0;38,0;47,0;101;22;39,0;42,0;46,0;273;True;14915081;4.15%;True;17;True;165390;True;-;{};True;http://fr.dbpedia.org/sparql;True;1;0.619;61.869;0.915;0.5;0.024367459316187303;1.0;0.4;0.4;0.9819212604856512;0.8316666666666667;9.152178830736873e-05;0.5;0.5;0.0;0.01;0.6666666666666666;0.4652605459057072;0.5020666652001691;2.010373464851341;0.9997999034925926;0.6666666666666666;1.0
EEA Reporting Obligations Database;eearod;2024-01-07;-;-1;http://rod.eionet.europa.eu/obligations/rdf;True;-;VoID file available;Creative Commons Attribution - cc-by -;http://creativecommons.org/licenses/by/2.5/dk/;-;5;0,200;0,003;-;-;-;-;-;-;-;-;-;-;-;-;-;-;-;-;-;-;-;-;-;-;-;-;-;-;-;-;-;-;-;0,00010617839718159667;EEA Reporting Obligations Database;"ROD is the EEA's reporting obligations database. It contains records describing environmental reporting obligations that countries have towards international organisations.

ROD is part of Reportnet. Reportnet is group of web applications and processes developed by the EEA to support international environmental reporting. 
";http://rod.eionet.europa.eu/;True;1,0;3;44;Name: Søren Roug, Email:soren.roug@eea.europa.eu;absent;5;Web:http://rod.eionet.europa.eu/ Name:Søren Roug Email:soren.roug@eea.europa.eu;-;absent;absent;-;-;absent;28000;0;0.00;-;-;-;-;-;-;-;-;-;-;-;-;-;-;-;-;-;-;-;-;-;-;-;-;True;3;True;-;-;-;{};True;http://cr.eionet.europa.eu/sparql;http://rod.eionet.europa.eu/obligations/rdf;-1;0.192;19.158;0.0;0.5;0.0;0;0.0;0.0;0.0;0.665;1.0617839718159666e-05;0.5;1.0;0.0;0.0;0.3333333333333333;0.0;0.0;0.5;0.0;0.3333333333333333;0.0
EEA Reporting Obligations Database;eearod;2024-01-14;-;-1;http://rod.eionet.europa.eu/obligations/rdf;True;-;VoID file available;Creative Commons Attribution - cc-by -;http://creativecommons.org/licenses/by/2.5/dk/;-;5;0,200;0,003;-;-;-;-;-;-;-;-;-;-;-;-;-;-;-;-;-;-;-;-;-;-;-;-;-;-;-;-;-;-;-;0,00010617839718159667;EEA Reporting Obligations Database;"ROD is the EEA's reporting obligations database. It contains records describing environmental reporting obligations that countries have towards international organisations.

ROD is part of Reportnet. Reportnet is group of web applications and processes developed by the EEA to support international environmental reporting. 
";http://rod.eionet.europa.eu/;True;1,0;3;44;Name: Søren Roug, Email:soren.roug@eea.europa.eu;absent;5;Web:http://rod.eionet.europa.eu/ Name:Søren Roug Email:soren.roug@eea.europa.eu;-;absent;absent;-;-;absent;28000;0;0.00;-;-;-;-;-;-;-;-;-;-;-;-;-;-;-;-;-;-;-;-;-;-;-;-;True;3;True;-;-;-;{};True;http://cr.eionet.europa.eu/sparql;http://rod.eionet.europa.eu/obligations/rdf;-1;0.192;19.158;0.0;0.5;0.0;0;0.0;0.0;0.0;0.665;1.0617839718159666e-05;0.5;1.0;0.0;0.0;0.3333333333333333;0.0;0.0;0.5;0.0;0.3333333333333333;0.0
EEA Reporting Obligations Database;eearod;2024-01-21;-;-1;http://rod.eionet.europa.eu/spatial/rdf;True;-;VoID file available;Creative Commons Attribution - cc-by -;http://creativecommons.org/licenses/by/2.5/dk/;-;5;0,200;0,003;-;-;-;-;-;-;-;-;-;-;-;-;-;-;-;-;-;-;-;-;-;-;-;-;-;-;-;-;-;-;-;0,00010617839718159667;EEA Reporting Obligations Database;"ROD is the EEA's reporting obligations database. It contains records describing environmental reporting obligations that countries have towards international organisations.

ROD is part of Reportnet. Reportnet is group of web applications and processes developed by the EEA to support international environmental reporting. 
";http://rod.eionet.europa.eu/;True;1,0;3;44;Name: Søren Roug, Email:soren.roug@eea.europa.eu;absent;5;Web:http://rod.eionet.europa.eu/ Name:Søren Roug Email:soren.roug@eea.europa.eu;-;absent;absent;-;-;absent;28000;0;0.00;-;-;-;-;-;-;-;-;-;-;-;-;-;-;-;-;-;-;-;-;-;-;-;-;True;3;True;-;-;-;{};True;http://cr.eionet.europa.eu/sparql;http://rod.eionet.europa.eu/spatial/rdf;-1;0.192;19.158;0.0;0.5;0.0;0;0.0;0.0;0.0;0.665;1.0617839718159666e-05;0.5;1.0;0.0;0.0;0.3333333333333333;0.0;0.0;0.5;0.0;0.3333333333333333;0.0
EEA Reporting Obligations Database;eearod;2024-01-28;-;-1;http://rod.eionet.europa.eu/issues/rdf;True;-;VoID file available;Creative Commons Attribution - cc-by -;http://creativecommons.org/licenses/by/2.5/dk/;-;5;0,200;0,003;-;-;-;-;-;-;-;-;-;-;-;-;-;-;-;-;-;-;-;-;-;-;-;-;-;-;-;-;-;-;-;0,00010617839718159667;EEA Reporting Obligations Database;"ROD is the EEA's reporting obligations database. It contains records describing environmental reporting obligations that countries have towards international organisations.

ROD is part of Reportnet. Reportnet is group of web applications and processes developed by the EEA to support international environmental reporting. 
";http://rod.eionet.europa.eu/;True;1,0;3;44;Name: Søren Roug, Email:soren.roug@eea.europa.eu;absent;5;Web:http://rod.eionet.europa.eu/ Name:Søren Roug Email:soren.roug@eea.europa.eu;-;absent;absent;-;-;absent;28000;0;0.00;-;-;-;-;-;-;-;-;-;-;-;-;-;-;-;-;-;-;-;-;-;-;-;-;True;3;True;-;-;-;{};True;http://cr.eionet.europa.eu/sparql;http://rod.eionet.europa.eu/issues/rdf;-1;0.192;19.158;0.0;0.5;0.0;0;0.0;0.0;0.0;0.665;1.0617839718159666e-05;0.5;1.0;0.0;0.0;0.3333333333333333;0.0;0.0;0.5;0.0;0.3333333333333333;0.0
Institutions of public power of the Czech Republic;czovm;2024-01-07;Available;-1;True;False;0.0978;VoID file available;Other (Open) - other-open -;https://creativecommons.org/licenses/by/4.0/;True;5;0;0,003;5345991;False;False;0,114;0,154;0,140;0,014;6;8;7,5;0,6708203932499369;0,139;0,150;0,145;7,0;8,0;8,0;1.0;0.9959109182183644;1.0;1.0;1.0;0.966124563739071;2.339864340395824e-05;1.0;1.0;True;1.0;0.9999981999241657;0.676509 (out of 1000000 triples considered);0.9947289156626506 (out of 1328 triples considered);0,0006104590782257011;Institutions of public power of the Czech Republic;This dataset contains detailed information about every institution of public power in the Czech Republic;https://linked.opendata.cz/zdroj/datová-sada/ovm;True;1,0;17;;Name: Jakub Klímek, Email:klimek@opendata.cz;5;[];Web:https://linked.opendata.cz/zdroj/datová-sada/ovm Name:Ministerstvo vnitra České republiky Email:klimek@opendata.cz;False;665565;2023-06-01;6.33299407140442e-05%;221;True;611085366;15102;0.00;88,064294 (out of 1000000 triples considered);39,30239397646873;67,24027002403771 (out of 999998 triples considered);42,107956143658164;55,650837988826815 (out of 1432 triples considered);14,875493959086702;15;60,0;90,0;91,0;216;8;16,0;99,0;103,0;254;21;45,0;56,0;67,0;111;True;27446003;4.49%;True;17;True;5793828;True;-;{};True;https://linked.opendata.cz/sparql;True;-1;0.776;77.606;0.77615;1.0;0.0021870884566396243;1.0;0.4;0.5912506769222187;0.8356189578313253;0.665;6.104590782257011e-05;0.5;0.5;1.0;0.0;0.6666666666666666;0.15964523281596454;0.5005119231098836;4.7612283833515985;0.9961506997249654;0.6666666666666666;0.5
Institutions of public power of the Czech Republic;czovm;2024-01-14;Available;-1;True;False;0.1016;VoID file available;Other (Open) - other-open -;https://creativecommons.org/licenses/by/4.0/;True;5;0;0,003;5345991;False;False;0,104;0,149;0,123;0,018;7;8;7,8;0,39999999999999997;0,104;0,138;0,120;8,0;8,0;8,0;1.0;0.9959109182183644;1.0;1.0;1.0;0.966124563739071;2.339864340395824e-05;1.0;1.0;True;1.0;0.9999981999241657;0.676509 (out of 1000000 triples considered);0.9947289156626506 (out of 1328 triples considered);0,0006104590782257011;Institutions of public power of the Czech Republic;This dataset contains detailed information about every institution of public power in the Czech Republic;https://linked.opendata.cz/zdroj/datová-sada/ovm;True;1,0;17;;Name: Jakub Klímek, Email:klimek@opendata.cz;5;[];Web:https://linked.opendata.cz/zdroj/datová-sada/ovm Name:Ministerstvo vnitra České republiky Email:klimek@opendata.cz;False;665572;2023-06-01;6.33299407140442e-05%;228;True;611085366;15102;0.00;88,064294 (out of 1000000 triples considered);39,30239397646873;67,24027002403771 (out of 999998 triples considered);42,107956143658164;55,650837988826815 (out of 1432 triples considered);14,875493959086702;15;60,0;90,0;91,0;216;8;16,0;99,0;103,0;254;21;45,0;56,0;67,0;111;True;27446003;4.49%;True;17;True;5793828;True;-;{};True;https://linked.opendata.cz/sparql;True;-1;0.776;77.606;0.77615;1.0;0.0021870884566396243;1.0;0.4;0.5912506769222187;0.8356189578313253;0.665;6.104590782257011e-05;0.5;0.5;1.0;0.0;0.6666666666666666;0.15964523281596454;0.5005119231098836;4.7612283833515985;0.9961506997249654;0.6666666666666666;0.5
Institutions of public power of the Czech Republic;czovm;2024-01-21;Available;-1;True;False;0.0972;VoID file available;Other (Open) - other-open -;https://creativecommons.org/licenses/by/4.0/;True;5;0;0,003;5345991;False;False;0,104;0,157;0,127;0,018;7;8;7,6;0,4898979485566356;0,117;0,132;0,125;7,0;8,0;8,0;1.0;0.9959109182183644;1.0;1.0;1.0;0.966124563739071;2.339864340395824e-05;1.0;1.0;True;1.0;0.9999981999241657;0.676509 (out of 1000000 triples considered);0.9947289156626506 (out of 1328 triples considered);0,0006104590782257011;Institutions of public power of the Czech Republic;This dataset contains detailed information about every institution of public power in the Czech Republic;https://linked.opendata.cz/zdroj/datová-sada/ovm;True;1,0;17;;Name: Jakub Klímek, Email:klimek@opendata.cz;5;[];Web:https://linked.opendata.cz/zdroj/datová-sada/ovm Name:Ministerstvo vnitra České republiky Email:klimek@opendata.cz;False;665579;2023-06-01;6.33299407140442e-05%;235;True;611085366;15102;0.00;88,064294 (out of 1000000 triples considered);39,30239397646873;67,24027002403771 (out of 999998 triples considered);42,107956143658164;55,650837988826815 (out of 1432 triples considered);14,875493959086702;15;60,0;90,0;91,0;216;8;16,0;99,0;103,0;254;21;45,0;56,0;67,0;111;True;27446003;4.49%;True;17;True;5793828;True;-;{};True;https://linked.opendata.cz/sparql;True;-1;0.776;77.606;0.77615;1.0;0.0021870884566396243;1.0;0.4;0.5912506769222187;0.8356189578313253;0.665;6.104590782257011e-05;0.5;0.5;1.0;0.0;0.6666666666666666;0.15964523281596454;0.5005119231098836;4.7612283833515985;0.9961506997249654;0.6666666666666666;0.5
Institutions of public power of the Czech Republic;czovm;2024-01-28;Available;-1;True;False;0.1046;VoID file available;Other (Open) - other-open -;https://creativecommons.org/licenses/by/4.0/;True;5;0;0,003;5345991;False;False;0,108;0,155;0,133;0,021;7;8;7,5;0,5;0,111;0,154;0,140;7,0;8,0;7,5;1.0;0.9959109182183644;1.0;1.0;1.0;0.966124563739071;2.339864340395824e-05;1.0;1.0;True;1.0;0.9999981999241657;0.676509 (out of 1000000 triples considered);0.9947289156626506 (out of 1328 triples considered);0,0006104590782257011;Institutions of public power of the Czech Republic;This dataset contains detailed information about every institution of public power in the Czech Republic;https://linked.opendata.cz/zdroj/datová-sada/ovm;True;1,0;17;;Name: Jakub Klímek, Email:klimek@opendata.cz;5;[];Web:https://linked.opendata.cz/zdroj/datová-sada/ovm Name:Ministerstvo vnitra České republiky Email:klimek@opendata.cz;False;665586;2023-06-01;6.33299407140442e-05%;242;True;611085366;15102;0.00;88,064294 (out of 1000000 triples considered);39,30239397646873;67,24027002403771 (out of 999998 triples considered);42,107956143658164;55,650837988826815 (out of 1432 triples considered);14,875493959086702;15;60,0;90,0;91,0;216;8;16,0;99,0;103,0;254;21;45,0;56,0;67,0;111;True;27446003;4.49%;True;17;True;5793828;True;-;{};True;https://linked.opendata.cz/sparql;True;-1;0.776;77.606;0.77615;1.0;0.0021870884566396243;1.0;0.4;0.5912506769222187;0.8356189578313253;0.665;6.104590782257011e-05;0.5;0.5;1.0;0.0;0.6666666666666666;0.15964523281596454;0.5005119231098836;4.7612283833515985;0.9961506997249654;0.6666666666666666;0.5
List of Czech data boxes;czlistofdataboxes;2024-01-07;Available;-1;True;False;0.0918;VoID file available;Other (Open) - other-open -;https://creativecommons.org/licenses/by/4.0/;True;[];{};;5345991;False;False;0,108;0,137;0,124;0,010;7;8;7,8;0,39999999999999997;0,120;0,129;0,127;8,0;8,0;8,0;1.0;0.9959109182183644;1.0;1.0;1.0;0.966124563739071;2.339864340395824e-05;1.0;1.0;True;1.0;0.9999981999241657;0.676509 (out of 1000000 triples considered);0.9947289156626506 (out of 1328 triples considered);None;List of Czech data boxes;Data box is a verified electronic mailbox mandatory for all companies and voluntary for individuals for communication with the Czech public administration.;https://linked.opendata.cz/zdroj/datová-sada/datové-schránky;True;1,0;17;;Name: Jakub Klímek, Email:klimek@opendata.cz;5;[];Web:https://linked.opendata.cz/zdroj/datová-sada/datové-schránky Name:Ministerstvo vnitra České republiky Email:klimek@opendata.cz;False;665565;2023-06-01;6.33299407140442e-05%;221;True;611085366;0;0.00;88,064294 (out of 1000000 triples considered);39,30239397646873;67,24027002403771 (out of 999998 triples considered);42,107956143658164;55,650837988826815 (out of 1432 triples considered);14,875493959086702;15;60,0;90,0;91,0;216;8;16,0;99,0;103,0;254;21;45,0;56,0;67,0;111;True;27446003;4.49%;True;17;True;5793828;True;-;{};True;https://linked.opendata.cz/sparql;True;-1;0.776;77.601;0.77525;1.0;0.0021870884566396243;1.0;0.4;0.5912506769222187;0.8356189578313253;0.665;0.0;0.5;0.5;1.0;0.0;0.6666666666666666;0.15964523281596454;0.5005119231098836;4.7612283833515985;0.9961506997249654;0.6666666666666666;0.5
List of Czech data boxes;czlistofdataboxes;2024-01-14;Available;-1;True;False;0.0984;VoID file available;Other (Open) - other-open -;https://creativecommons.org/licenses/by/4.0/;True;[];{};;5345991;False;False;0,100;0,143;0,113;0,016;7;9;8,0;0,4472135954999579;0,101;0,117;0,104;8,0;8,0;8,0;1.0;0.9959109182183644;1.0;1.0;1.0;0.966124563739071;2.339864340395824e-05;1.0;1.0;True;1.0;0.9999981999241657;0.676509 (out of 1000000 triples considered);0.9947289156626506 (out of 1328 triples considered);None;List of Czech data boxes;Data box is a verified electronic mailbox mandatory for all companies and voluntary for individuals for communication with the Czech public administration.;https://linked.opendata.cz/zdroj/datová-sada/datové-schránky;True;1,0;17;;Name: Jakub Klímek, Email:klimek@opendata.cz;5;[];Web:https://linked.opendata.cz/zdroj/datová-sada/datové-schránky Name:Ministerstvo vnitra České republiky Email:klimek@opendata.cz;False;665572;2023-06-01;6.33299407140442e-05%;228;True;611085366;0;0.00;88,064294 (out of 1000000 triples considered);39,30239397646873;67,24027002403771 (out of 999998 triples considered);42,107956143658164;55,650837988826815 (out of 1432 triples considered);14,875493959086702;15;60,0;90,0;91,0;216;8;16,0;99,0;103,0;254;21;45,0;56,0;67,0;111;True;27446003;4.49%;True;17;True;5793828;True;-;{};True;https://linked.opendata.cz/sparql;True;-1;0.776;77.601;0.77525;1.0;0.0021870884566396243;1.0;0.4;0.5912506769222187;0.8356189578313253;0.665;0.0;0.5;0.5;1.0;0.0;0.6666666666666666;0.15964523281596454;0.5005119231098836;4.7612283833515985;0.9961506997249654;0.6666666666666666;0.5
List of Czech data boxes;czlistofdataboxes;2024-01-21;Available;-1;True;False;0.1012;VoID file available;Other (Open) - other-open -;https://creativecommons.org/licenses/by/4.0/;True;[];{};;5345991;False;False;0,107;0,162;0,134;0,017;7;8;7,6;0,4898979485566356;0,130;0,136;0,132;7,0;8,0;8,0;1.0;0.9959109182183644;1.0;1.0;1.0;0.966124563739071;2.339864340395824e-05;1.0;1.0;True;1.0;0.9999981999241657;0.676509 (out of 1000000 triples considered);0.9947289156626506 (out of 1328 triples considered);None;List of Czech data boxes;Data box is a verified electronic mailbox mandatory for all companies and voluntary for individuals for communication with the Czech public administration.;https://linked.opendata.cz/zdroj/datová-sada/datové-schránky;True;1,0;17;;Name: Jakub Klímek, Email:klimek@opendata.cz;5;[];Web:https://linked.opendata.cz/zdroj/datová-sada/datové-schránky Name:Ministerstvo vnitra České republiky Email:klimek@opendata.cz;False;665579;2023-06-01;6.33299407140442e-05%;235;True;611085366;0;0.00;88,064294 (out of 1000000 triples considered);39,30239397646873;67,24027002403771 (out of 999998 triples considered);42,107956143658164;55,650837988826815 (out of 1432 triples considered);14,875493959086702;15;60,0;90,0;91,0;216;8;16,0;99,0;103,0;254;21;45,0;56,0;67,0;111;True;27446003;4.49%;True;17;True;5793828;True;-;{};True;https://linked.opendata.cz/sparql;True;-1;0.776;77.601;0.77525;1.0;0.0021870884566396243;1.0;0.4;0.5912506769222187;0.8356189578313253;0.665;0.0;0.5;0.5;1.0;0.0;0.6666666666666666;0.15964523281596454;0.5005119231098836;4.7612283833515985;0.9961506997249654;0.6666666666666666;0.5
List of Czech data boxes;czlistofdataboxes;2024-01-28;Available;-1;True;False;0.101;VoID file available;Other (Open) - other-open -;https://creativecommons.org/licenses/by/4.0/;True;[];{};;5345991;False;False;0,102;0,152;0,121;0,019;7;8;7,4;0,4898979485566356;0,108;0,132;0,109;7,0;8,0;7,0;1.0;0.9959109182183644;1.0;1.0;1.0;0.966124563739071;2.339864340395824e-05;1.0;1.0;True;1.0;0.9999981999241657;0.676509 (out of 1000000 triples considered);0.9947289156626506 (out of 1328 triples considered);None;List of Czech data boxes;Data box is a verified electronic mailbox mandatory for all companies and voluntary for individuals for communication with the Czech public administration.;https://linked.opendata.cz/zdroj/datová-sada/datové-schránky;True;1,0;17;;Name: Jakub Klímek, Email:klimek@opendata.cz;5;[];Web:https://linked.opendata.cz/zdroj/datová-sada/datové-schránky Name:Ministerstvo vnitra České republiky Email:klimek@opendata.cz;False;665586;2023-06-01;6.33299407140442e-05%;242;True;611085366;0;0.00;88,064294 (out of 1000000 triples considered);39,30239397646873;67,24027002403771 (out of 999998 triples considered);42,107956143658164;55,650837988826815 (out of 1432 triples considered);14,875493959086702;15;60,0;90,0;91,0;216;8;16,0;99,0;103,0;254;21;45,0;56,0;67,0;111;True;27446003;4.49%;True;17;True;5793828;True;-;{};True;https://linked.opendata.cz/sparql;True;-1;0.776;77.601;0.77525;1.0;0.0021870884566396243;1.0;0.4;0.5912506769222187;0.8356189578313253;0.665;0.0;0.5;0.5;1.0;0.0;0.6666666666666666;0.15964523281596454;0.5005119231098836;4.7612283833515985;0.9961506997249654;0.6666666666666666;0.5
Open Data from the Italian National Research Council;datacnrit;2024-01-07;-;0;absent;True;-;VoID file available;Creative Commons Non-Commercial (Any) - cc-nc -;absent;-;1;0;0,001;-;-;-;-;-;-;-;-;-;-;-;-;-;-;-;-;-;-;-;-;-;-;-;-;-;-;-;-;-;-;-;8,704139344744641e-05;Open Data from the Italian National Research Council;"data.cnr.it is an initiative of the Italian National Research Council aimed to provide public access to the information of the CNR organization.

Keywords are: transparency, interoperability, open data.

The technologies of the data.cnr.it are based on RDF and follows the paradygm of the Linked Data initiative.


Documentation of the ontology is in OWL-Doc format

The CNR ontology can be queried through the SPARQL Endpoint by selecting http://data.cnr.it/ as graph.";http://data.cnr.it/site/;True;1,0;3;254;False;absent;1;Web:http://data.cnr.it/site/ Name:Consiglio Nazionale delle Ricerche (CNR) Email:data@cnr.it;-;absent;absent;-;-;absent;2762278;34706;0.01;-;-;-;-;-;-;-;-;-;-;-;-;-;-;-;-;-;-;-;-;-;-;-;-;True;3;True;-;-;-;{};True;http://data.cnr.it/sparql-proxy/;absent;0;0.192;19.158;0.0;0.5;0.0;0;0.0;0.0;0.0;0.665;8.704139344744641e-06;0.5;1.0;0.0;0.0;0.3333333333333333;0.0;0.0;0.5;0.0;0.3333333333333333;0.0
Open Data from the Italian National Research Council;datacnrit;2024-01-14;-;0;-;True;-;VoID file offline;http://creativecommons.org/licenses/by-nc/2.0/;-;-;1;0;0,001;-;-;-;-;-;-;-;-;-;-;-;-;-;-;-;-;-;-;-;-;-;-;-;-;-;-;-;-;-;-;-;8,704139344744641e-05;Open Data from the Italian National Research Council;"data.cnr.it is an initiative of the Italian National Research Council aimed to provide public access to the information of the CNR organization.

Keywords are: transparency, interoperability, open data.

The technologies of the data.cnr.it are based on RDF and follows the paradygm of the Linked Data initiative.


Documentation of the ontology is in OWL-Doc format

The CNR ontology can be queried through the SPARQL Endpoint by selecting http://data.cnr.it/ as graph.";http://data.cnr.it/site/;-;0,75;-;-;False;-;-;Web:http://data.cnr.it/site/ Name:Consiglio Nazionale delle Ricerche (CNR) Email:data@cnr.it;-;-;-;-;-;-;2762278;34706;0.01;-;-;-;-;-;-;-;-;-;-;-;-;-;-;-;-;-;-;-;-;-;-;-;-;-;-;False;-;-;-;absent;-;http://data.cnr.it/sparql-proxy/;-;0;0.192;19.158;0.0;0.5;0.0;0;0.0;0.0;0.0;0.665;8.704139344744641e-06;0.5;1.0;0.0;0.0;0.3333333333333333;0.0;0.0;0.5;0.0;0.3333333333333333;0.0
Open Data from the Italian National Research Council;datacnrit;2024-01-21;-;0;absent;True;-;VoID file available;Creative Commons Non-Commercial (Any) - cc-nc -;absent;-;1;0;0,001;-;-;-;-;-;-;-;-;-;-;-;-;-;-;-;-;-;-;-;-;-;-;-;-;-;-;-;-;-;-;-;8,704139344744641e-05;Open Data from the Italian National Research Council;"data.cnr.it is an initiative of the Italian National Research Council aimed to provide public access to the information of the CNR organization.

Keywords are: transparency, interoperability, open data.

The technologies of the data.cnr.it are based on RDF and follows the paradygm of the Linked Data initiative.


Documentation of the ontology is in OWL-Doc format

The CNR ontology can be queried through the SPARQL Endpoint by selecting http://data.cnr.it/ as graph.";http://data.cnr.it/site/;True;1,0;3;254;False;absent;1;Web:http://data.cnr.it/site/ Name:Consiglio Nazionale delle Ricerche (CNR) Email:data@cnr.it;-;absent;absent;-;-;absent;2762278;34706;0.01;-;-;-;-;-;-;-;-;-;-;-;-;-;-;-;-;-;-;-;-;-;-;-;-;True;3;True;-;-;-;{};True;http://data.cnr.it/sparql-proxy/;absent;0;0.192;19.158;0.0;0.5;0.0;0;0.0;0.0;0.0;0.665;8.704139344744641e-06;0.5;1.0;0.0;0.0;0.3333333333333333;0.0;0.0;0.5;0.0;0.3333333333333333;0.0
Open Data from the Italian National Research Council;datacnrit;2024-01-28;-;0;absent;True;-;VoID file available;Creative Commons Non-Commercial (Any) - cc-nc -;absent;-;1;0;0,001;-;-;-;-;-;-;-;-;-;-;-;-;-;-;-;-;-;-;-;-;-;-;-;-;-;-;-;-;-;-;-;8,704139344744641e-05;Open Data from the Italian National Research Council;"data.cnr.it is an initiative of the Italian National Research Council aimed to provide public access to the information of the CNR organization.

Keywords are: transparency, interoperability, open data.

The technologies of the data.cnr.it are based on RDF and follows the paradygm of the Linked Data initiative.


Documentation of the ontology is in OWL-Doc format

The CNR ontology can be queried through the SPARQL Endpoint by selecting http://data.cnr.it/ as graph.";http://data.cnr.it/site/;True;1,0;3;254;False;absent;1;Web:http://data.cnr.it/site/ Name:Consiglio Nazionale delle Ricerche (CNR) Email:data@cnr.it;-;absent;absent;-;-;absent;2762278;34706;0.01;-;-;-;-;-;-;-;-;-;-;-;-;-;-;-;-;-;-;-;-;-;-;-;-;True;3;True;-;-;-;{};True;http://data.cnr.it/sparql-proxy/;absent;0;0.192;19.158;0.0;0.5;0.0;0;0.0;0.0;0.0;0.665;8.704139344744641e-06;0.5;1.0;0.0;0.0;0.3333333333333333;0.0;0.0;0.5;0.0;0.3333333333333333;0.0
TAXREF-LD: Linked Data French Taxonomic Register;taxrefld;2024-01-07;Available;1;True;True;0.9601471489883507;VoID file available;Creative Commons Attribution - cc-by -;https://creativecommons.org/licenses/by-nc-sa/2.0/deed.en;False;7;0,048;0,004;254729;False;False;0,146;0,252;0,195;0,041;5;7;6,0;0,4472135954999579;0,160;0,231;0,184;6,0;6,0;6,0;1.0;0.99995;1.0;1.0;1.0;1.0;4.99157055091071e-07;1.0;1.0;True;1.0;0.9999956734806286;0.98715 (out of 20000 triples considered);0.9827833572453372 (out of 697 triples considered);0,0011208209818918528;TAXREF-LD: Linked Data French Taxonomic Register;"TAXREF-LD is the Linked Data representation of TAXREF (https://inpn.mnhn.fr/programme/referentiel-taxonomique-taxref?lg=en), the French national taxonomical register for fauna, flora and fungus, that covers mainland France and overseas territories.

TAXREF-LD is a joint initiative of the National Museum of Natural History (http://www.mnhn.fr/) and the I3S laboratory (http://www.i3s.unice.fr/) (Université Côte d'Azur, CNRS, Inria). Its model is described in [1].

[1] Michel F., Gargominy O., Tercerie S. & Faron-Zucker C. (2017). A Model to Represent Nomenclatural and Taxonomic Information as Linked Data. Application to the French Taxonomic Register, TAXREF. In _Proceedings of the 2nd International Workshop on Semantics for Biodiversity (S4BioDiv) co-located with ISWC 2017_ vol. 1933. Vienna, Austria. CEUR.";https://inpn.mnhn.fr/programme/referentiel-taxonomique-taxref?lg=en;-;0,75;29;400;Name: Franck Michel, Email:franck.michel@inria.fr;2;3;Web:https://inpn.mnhn.fr/programme/referentiel-taxonomique-taxref?lg=en Name:Inventaire National du Patrimoine Naturel (INPN) Email:taxref@mnhn.fr;False;6221;2015-10-06;2.4170499282027405e-06%;3021;True;82745498;87211;0.00;42,5681 (out of 20000 triples considered);4,075446281083829;47,92582754393135 (out of 19999 triples considered);4,235520670365112;47,48923959827834 (out of 697 triples considered);10,45521770139798;30;42,0;42,0;42,0;101;10;47,0;47,0;48,0;108;21;41,0;47,0;54,0;110;True;10955968;13.24%;True;3;True;26003149;True;89;absent;True;https://taxref.mnhn.fr/sparql;True;1;0.568;56.767;0.7413881484519171;0.5;0.0007696158889514449;1.0;0.4;0.5964200998314111;0.9849666786226685;0.8316666666666667;0.00011208209818918527;0.375;0.5;1.0;0.0;1.0;0.02883116883116882;0.4992194592355719;0.541986206006308;0.8530609090471801;1.0;0.5
TAXREF-LD: Linked Data French Taxonomic Register;taxrefld;2024-01-14;Available;1;True;True;0.8291982776296903;VoID file available;Creative Commons Attribution - cc-by -;https://creativecommons.org/licenses/by-nc-sa/2.0/deed.en;False;7;0,048;0,004;254729;False;False;0,154;0,270;0,203;0,042;5;6;5,9;0,3;0,172;0,232;0,189;6,0;6,0;6,0;1.0;0.99995;1.0;1.0;1.0;1.0;4.99157055091071e-07;1.0;1.0;True;1.0;0.9999956734806286;0.98715 (out of 20000 triples considered);0.9827833572453372 (out of 697 triples considered);0,0011208209818918528;TAXREF-LD: Linked Data French Taxonomic Register;"TAXREF-LD is the Linked Data representation of TAXREF (https://inpn.mnhn.fr/programme/referentiel-taxonomique-taxref?lg=en), the French national taxonomical register for fauna, flora and fungus, that covers mainland France and overseas territories.

TAXREF-LD is a joint initiative of the National Museum of Natural History (http://www.mnhn.fr/) and the I3S laboratory (http://www.i3s.unice.fr/) (Université Côte d'Azur, CNRS, Inria). Its model is described in [1].

[1] Michel F., Gargominy O., Tercerie S. & Faron-Zucker C. (2017). A Model to Represent Nomenclatural and Taxonomic Information as Linked Data. Application to the French Taxonomic Register, TAXREF. In _Proceedings of the 2nd International Workshop on Semantics for Biodiversity (S4BioDiv) co-located with ISWC 2017_ vol. 1933. Vienna, Austria. CEUR.";https://inpn.mnhn.fr/programme/referentiel-taxonomique-taxref?lg=en;False;0,75;29;400;Name: Franck Michel, Email:franck.michel@inria.fr;2;3;Web:https://inpn.mnhn.fr/programme/referentiel-taxonomique-taxref?lg=en Name:Inventaire National du Patrimoine Naturel (INPN) Email:taxref@mnhn.fr;False;6226;2015-10-06;2.4170499282027405e-06%;3026;True;82745498;90086;0.00;42,5681 (out of 20000 triples considered);4,075446281083829;47,92582754393135 (out of 19999 triples considered);4,235520670365112;47,48923959827834 (out of 697 triples considered);10,45521770139798;30;42,0;42,0;42,0;101;10;47,0;47,0;48,0;108;21;41,0;47,0;54,0;110;True;10955968;13.24%;True;3;True;26003149;True;89;{};True;https://taxref.mnhn.fr/sparql;True;1;0.568;56.767;0.7413881484519171;0.5;0.0007696158889514449;1.0;0.4;0.5964200998314111;0.9849666786226685;0.8316666666666667;0.00011208209818918527;0.375;0.5;1.0;0.0;1.0;0.02883116883116882;0.4992194592355719;0.541986206006308;0.8530609090471801;1.0;0.5
TAXREF-LD: Linked Data French Taxonomic Register;taxrefld;2024-01-21;Available;1;True;True;0.8506944444444444;VoID file available;Creative Commons Attribution - cc-by -;https://creativecommons.org/licenses/by-nc-sa/2.0/deed.en;False;7;0,048;0,004;254729;False;False;0,152;0,278;0,206;0,049;6;6;6,0;0,0;0,158;0,246;0,196;6,0;6,0;6,0;1.0;0.99995;1.0;1.0;1.0;1.0;4.99157055091071e-07;1.0;1.0;True;1.0;0.9999956734806286;0.98715 (out of 20000 triples considered);0.9827833572453372 (out of 697 triples considered);0,0011208209818918528;TAXREF-LD: Linked Data French Taxonomic Register;"TAXREF-LD is the Linked Data representation of TAXREF (https://inpn.mnhn.fr/programme/referentiel-taxonomique-taxref?lg=en), the French national taxonomical register for fauna, flora and fungus, that covers mainland France and overseas territories.

TAXREF-LD is a joint initiative of the National Museum of Natural History (http://www.mnhn.fr/) and the I3S laboratory (http://www.i3s.unice.fr/) (Université Côte d'Azur, CNRS, Inria). Its model is described in [1].

[1] Michel F., Gargominy O., Tercerie S. & Faron-Zucker C. (2017). A Model to Represent Nomenclatural and Taxonomic Information as Linked Data. Application to the French Taxonomic Register, TAXREF. In _Proceedings of the 2nd International Workshop on Semantics for Biodiversity (S4BioDiv) co-located with ISWC 2017_ vol. 1933. Vienna, Austria. CEUR.";https://inpn.mnhn.fr/programme/referentiel-taxonomique-taxref?lg=en;-;0,75;29;400;Name: Franck Michel, Email:franck.michel@inria.fr;2;3;Web:https://inpn.mnhn.fr/programme/referentiel-taxonomique-taxref?lg=en Name:Inventaire National du Patrimoine Naturel (INPN) Email:taxref@mnhn.fr;False;6233;2015-10-06;2.4170499282027405e-06%;3033;True;82745498;87211;0.00;42,5681 (out of 20000 triples considered);4,075446281083829;47,92582754393135 (out of 19999 triples considered);4,235520670365112;47,48923959827834 (out of 697 triples considered);10,45521770139798;30;42,0;42,0;42,0;101;10;47,0;47,0;48,0;108;21;41,0;47,0;54,0;110;True;10955968;13.24%;True;3;True;26003149;True;89;absent;True;https://taxref.mnhn.fr/sparql;True;1;0.568;56.767;0.7413881484519171;0.5;0.0007696158889514449;1.0;0.4;0.5964200998314111;0.9849666786226685;0.8316666666666667;0.00011208209818918527;0.375;0.5;1.0;0.0;1.0;0.02883116883116882;0.4992194592355719;0.541986206006308;0.8530609090471801;1.0;0.5
TAXREF-LD: Linked Data French Taxonomic Register;taxrefld;2024-01-28;Available;1;True;True;0.9655525938076687;VoID file available;Creative Commons Attribution - cc-by -;https://creativecommons.org/licenses/by-nc-sa/2.0/deed.en;False;7;0,048;0,004;254729;False;False;0,146;0,270;0,204;0,048;5;6;5,9;0,3;0,168;0,250;0,185;6,0;6,0;6,0;1.0;0.99995;1.0;1.0;1.0;1.0;4.99157055091071e-07;1.0;1.0;True;1.0;0.9999956734806286;0.98715 (out of 20000 triples considered);0.9827833572453372 (out of 697 triples considered);0,0011208209818918528;TAXREF-LD: Linked Data French Taxonomic Register;"TAXREF-LD is the Linked Data representation of TAXREF (https://inpn.mnhn.fr/programme/referentiel-taxonomique-taxref?lg=en), the French national taxonomical register for fauna, flora and fungus, that covers mainland France and overseas territories.

TAXREF-LD is a joint initiative of the National Museum of Natural History (http://www.mnhn.fr/) and the I3S laboratory (http://www.i3s.unice.fr/) (Université Côte d'Azur, CNRS, Inria). Its model is described in [1].

[1] Michel F., Gargominy O., Tercerie S. & Faron-Zucker C. (2017). A Model to Represent Nomenclatural and Taxonomic Information as Linked Data. Application to the French Taxonomic Register, TAXREF. In _Proceedings of the 2nd International Workshop on Semantics for Biodiversity (S4BioDiv) co-located with ISWC 2017_ vol. 1933. Vienna, Austria. CEUR.";https://inpn.mnhn.fr/programme/referentiel-taxonomique-taxref?lg=en;-;0,75;29;400;Name: Franck Michel, Email:franck.michel@inria.fr;2;3;Web:https://inpn.mnhn.fr/programme/referentiel-taxonomique-taxref?lg=en Name:Inventaire National du Patrimoine Naturel (INPN) Email:taxref@mnhn.fr;False;6241;2015-10-06;-;3041;True;82745498;87211;0.00;42,5681 (out of 20000 triples considered);4,075446281083829;47,92582754393135 (out of 19999 triples considered);4,235520670365112;47,48923959827834 (out of 697 triples considered);10,45521770139798;30;42,0;42,0;42,0;101;10;47,0;47,0;48,0;108;21;41,0;47,0;54,0;110;True;10955968;13.24%;True;3;True;26003149;True;89;{};True;https://taxref.mnhn.fr/sparql;True;1;0.568;56.767;0.7413881484519171;0.5;0.0007696158889514449;1.0;0.4;0.5964200998314111;0.9849666786226685;0.8316666666666667;0.00011208209818918527;0.375;0.5;1.0;0.0;1.0;0.02883116883116882;0.4992194592355719;0.541986206006308;0.8530609090471801;1.0;0.5
Tourpedia;tourpedia;2024-01-07;-;-1;http://tour-pedia.org/download/tourpedia.rdf;True;-;VoID file available;Creative Commons CCZero - cc-zero -;http://creativecommons.org/publicdomain/zero/1.0/;-;[];{};;-;-;-;-;-;-;-;-;-;-;-;-;-;-;-;-;-;-;-;-;-;-;-;-;-;-;-;-;-;-;-;None;Tourpedia;"TourPedia is the Wikipedia of Tourism. It contains information about accommodations, restaurants, points of interest and attractions of different places in Europe. At the moment only eight places are covered: Amsterdam, Barcelona, Berlin, Dubai, London, Paris, Rome and Tuscany. However, the idea is to extend the service to all the world.

Data are extracted from four social media: Facebook, Foursquare, Google Places and Booking. They were elaborated and integrated in order to build a unique catalogue.";Absent;-;0,5;4;91;Name: Angelica Lo Duca, Email:angelica.loduca@iit.cnr.it;1;2;Web:Absent Name:Andrea Marchetti Email:andrea.marchetti@iit.cnr.it;-;2015-01-16;2015-01-16;-;-;absent;0;0;0;-;-;-;-;-;-;-;-;-;-;-;-;-;-;-;-;-;-;-;-;-;-;-;-;True;3;True;-;-;-;{};True;http://tour-pedia.org/sparql;http://tour-pedia.org/download/tourpedia.rdf;-1;0.187;18.742;0.0;0.5;0.0;0;0.0;0.0;0.0;0.8316666666666667;0.0;0.25;1.0;0.0;0.0;0.3333333333333333;0.0;0.0;0.5;0.0;0.3333333333333333;0.0
Tourpedia;tourpedia;2024-01-14;-;-1;http://tour-pedia.org/download/tourpedia.rdf;True;-;VoID file available;Creative Commons CCZero - cc-zero -;http://creativecommons.org/publicdomain/zero/1.0/;-;[];{};;-;-;-;-;-;-;-;-;-;-;-;-;-;-;-;-;-;-;-;-;-;-;-;-;-;-;-;-;-;-;-;None;Tourpedia;"TourPedia is the Wikipedia of Tourism. It contains information about accommodations, restaurants, points of interest and attractions of different places in Europe. At the moment only eight places are covered: Amsterdam, Barcelona, Berlin, Dubai, London, Paris, Rome and Tuscany. However, the idea is to extend the service to all the world.

Data are extracted from four social media: Facebook, Foursquare, Google Places and Booking. They were elaborated and integrated in order to build a unique catalogue.";Absent;-;0,5;4;91;Name: Angelica Lo Duca, Email:angelica.loduca@iit.cnr.it;1;2;Web:Absent Name:Andrea Marchetti Email:andrea.marchetti@iit.cnr.it;-;2015-01-16;2015-01-16;-;-;absent;0;0;0;-;-;-;-;-;-;-;-;-;-;-;-;-;-;-;-;-;-;-;-;-;-;-;-;True;4;True;-;-;-;{};True;http://tour-pedia.org/sparql;http://tour-pedia.org/download/tourpedia.rdf;-1;0.187;18.742;0.0;0.5;0.0;0;0.0;0.0;0.0;0.8316666666666667;0.0;0.25;1.0;0.0;0.0;0.3333333333333333;0.0;0.0;0.5;0.0;0.3333333333333333;0.0
Tourpedia;tourpedia;2024-01-21;-;-1;http://tour-pedia.org/download/tourpedia.rdf;True;-;VoID file available;Creative Commons CCZero - cc-zero -;http://creativecommons.org/publicdomain/zero/1.0/;-;[];{};;-;-;-;-;-;-;-;-;-;-;-;-;-;-;-;-;-;-;-;-;-;-;-;-;-;-;-;-;-;-;-;None;Tourpedia;"TourPedia is the Wikipedia of Tourism. It contains information about accommodations, restaurants, points of interest and attractions of different places in Europe. At the moment only eight places are covered: Amsterdam, Barcelona, Berlin, Dubai, London, Paris, Rome and Tuscany. However, the idea is to extend the service to all the world.

Data are extracted from four social media: Facebook, Foursquare, Google Places and Booking. They were elaborated and integrated in order to build a unique catalogue.";Absent;-;0,5;4;91;Name: Angelica Lo Duca, Email:angelica.loduca@iit.cnr.it;1;2;Web:Absent Name:Andrea Marchetti Email:andrea.marchetti@iit.cnr.it;-;2015-01-16;2015-01-16;-;-;absent;0;0;0;-;-;-;-;-;-;-;-;-;-;-;-;-;-;-;-;-;-;-;-;-;-;-;-;True;4;True;-;-;-;{};True;http://tour-pedia.org/sparql;http://tour-pedia.org/download/tourpedia.rdf;-1;0.187;18.742;0.0;0.5;0.0;0;0.0;0.0;0.0;0.8316666666666667;0.0;0.25;1.0;0.0;0.0;0.3333333333333333;0.0;0.0;0.5;0.0;0.3333333333333333;0.0
Tourpedia;tourpedia;2024-01-28;-;-1;http://tour-pedia.org/download/tourpedia.rdf;True;-;VoID file available;Creative Commons CCZero - cc-zero -;http://creativecommons.org/publicdomain/zero/1.0/;-;[];{};;-;-;-;-;-;-;-;-;-;-;-;-;-;-;-;-;-;-;-;-;-;-;-;-;-;-;-;-;-;-;-;None;Tourpedia;"TourPedia is the Wikipedia of Tourism. It contains information about accommodations, restaurants, points of interest and attractions of different places in Europe. At the moment only eight places are covered: Amsterdam, Barcelona, Berlin, Dubai, London, Paris, Rome and Tuscany. However, the idea is to extend the service to all the world.

Data are extracted from four social media: Facebook, Foursquare, Google Places and Booking. They were elaborated and integrated in order to build a unique catalogue.";Absent;-;0,5;4;91;Name: Angelica Lo Duca, Email:angelica.loduca@iit.cnr.it;1;2;Web:Absent Name:Andrea Marchetti Email:andrea.marchetti@iit.cnr.it;-;2015-01-16;2015-01-16;-;-;absent;0;0;0;-;-;-;-;-;-;-;-;-;-;-;-;-;-;-;-;-;-;-;-;-;-;-;-;True;4;True;-;-;-;{};True;http://tour-pedia.org/sparql;http://tour-pedia.org/download/tourpedia.rdf;-1;0.187;18.742;0.0;0.5;0.0;0;0.0;0.0;0.0;0.8316666666666667;0.0;0.25;1.0;0.0;0.0;0.3333333333333333;0.0;0.0;0.5;0.0;0.3333333333333333;0.0
URIBurner;uriburner;2024-01-07;Available;-1;True;True;-;VoID file offline;License not specified - notspecified -;http://creativecommons.org/licenses/by/3.0/;-;5;0,600;0,003;4176134;True;False;0,263;0,323;0,294;0,020;4;4;4,0;0,0;0,283;0,303;0,299;4,0;4,0;4,0;1.0;1.0;-;1.0;1.0;0.99953;0.005546906351685225;0.9999999987142815;Unable to retrieve properties from the endpoint;True;Unable to retrieve classes from the endpoint;0.9998717984325759;-;0.98731 (out of 100000 triples considered);9,413955424741993e-05;URIBurner;"A service that delivers RDF-based structured descriptions of Web addressable resources in a variety of formats through Generic HTTP URIs.

The underlying technology is Virtuoso's Sponger, which takes an existing Web-accessible resource (webpage, media) and generates an RDF graph of its metadata using existing well-known ontologies as well as site-specific knowledge. URIBurner then re-presents this data as either a new HTML webpage, or directly as RDF in a variety of serializations (RDF/XML, text/n3, turtle, JSON).

### Issues

The linking information is incomplete and the numbers are guesswork.";http://uriburner.com/;False;0,75;57;1280;False;185;141;Web:http://uriburner.com/ Name:OpenLink Software Email:Absent;False;738898;2023-07-10;1.285718543646754e-07%;188;160;777775202;4000;0.00;-;-;67,60366887374852 (out of 99999 triples considered);27,912203252343936;75,31406234338979 (out of 100000 triples considered);26,434923180927907;-;-;-;-;-;13;64,0;72,0;77,0;1879;19;66,0;70,0;82,0;1879;True;88664132;11.40%;True;57;True;68541433;True;430;{};True;http://linkeddata.uriburner.com/sparql;True;-1;0.472;47.193;0.5;0.5;0.0013416149624871844;0.51;0.4;0.20104511626625152;0.0;0.8316666666666667;9.413955424741993e-06;0.375;0.5;1.0;0.0;0.6666666666666666;0.020400333245637114;0.42001946438993576;0.6397406662360332;0.8726430443498427;1.0;1.0
URIBurner;uriburner;2024-01-14;Available;-1;True;True;-;VoID file offline;License not specified - notspecified -;http://creativecommons.org/licenses/by/3.0/;-;5;0,600;0,003;4175252;True;False;0,267;0,338;0,293;0,026;4;4;4,0;0,0;0,271;0,302;0,289;4,0;4,0;4,0;1.0;1.0;-;1.0;1.0;0.99953;0.005684702674215648;0.9999999987151631;Unable to retrieve properties from the endpoint;True;Unable to retrieve classes from the endpoint;0.9998718863373611;-;0.98731 (out of 100000 triples considered);9,413955424741993e-05;URIBurner;"A service that delivers RDF-based structured descriptions of Web addressable resources in a variety of formats through Generic HTTP URIs.

The underlying technology is Virtuoso's Sponger, which takes an existing Web-accessible resource (webpage, media) and generates an RDF graph of its metadata using existing well-known ontologies as well as site-specific knowledge. URIBurner then re-presents this data as either a new HTML webpage, or directly as RDF in a variety of serializations (RDF/XML, text/n3, turtle, JSON).

### Issues

The linking information is incomplete and the numbers are guesswork.";http://uriburner.com/;False;0,75;57;1280;False;185;141;Web:http://uriburner.com/ Name:OpenLink Software Email:Absent;False;738903;2023-07-10;1.2848369568240948e-07%;193;160;778308870;4000;0.00;-;-;67,60757125035985 (out of 99999 triples considered);27,908542325436372;75,31406234338979 (out of 100000 triples considered);26,434923180927907;-;-;-;-;-;13;64,0;72,0;77,0;1879;19;66,0;70,0;82,0;1879;True;88668013;11.39%;True;57;True;68834292;True;430;{};True;http://linkeddata.uriburner.com/sparql;True;-1;0.472;47.193;0.5;0.5;0.0013416149624871844;0.51;0.4;0.20104511626625152;0.0;0.8316666666666667;9.413955424741993e-06;0.375;0.5;1.0;0.0;0.6666666666666666;0.020400333245637114;0.42001946438993576;0.6397406662360332;0.8726430443498427;1.0;1.0
URIBurner;uriburner;2024-01-21;Available;-1;True;True;-;VoID file offline;License not specified - notspecified -;http://creativecommons.org/licenses/by/3.0/;-;5;0,600;0,003;4186131;True;False;0,266;0,311;0,285;0,015;2;4;3,7;0,6403124237432849;0,278;0,285;0,284;4,0;4,0;4,0;1.0;1.0;-;1.0;1.0;0.99953;0.005693163851914885;0.9999999974337017;Unable to retrieve properties from the endpoint;True;Unable to retrieve classes from the endpoint;0.9998720546326718;-;-;9,413955424741993e-05;URIBurner;"A service that delivers RDF-based structured descriptions of Web addressable resources in a variety of formats through Generic HTTP URIs.

The underlying technology is Virtuoso's Sponger, which takes an existing Web-accessible resource (webpage, media) and generates an RDF graph of its metadata using existing well-known ontologies as well as site-specific knowledge. URIBurner then re-presents this data as either a new HTML webpage, or directly as RDF in a variety of serializations (RDF/XML, text/n3, turtle, JSON).

### Issues

The linking information is incomplete and the numbers are guesswork.";http://uriburner.com/;False;0,75;57;1280;False;185;141;Web:http://uriburner.com/ Name:OpenLink Software Email:Absent;False;738909;2023-07-10;1.2831491428128095e-07%;199;160;779332633;4000;0.00;-;-;67,61038607939098 (out of 99999 triples considered);27,905405100174015;75,31715946677357 (out of 100000 triples considered);26,433490668400886;-;-;-;-;-;13;64,0;72,0;77,0;1879;19;66,0;70,0;82,0;1879;True;88645661;11.37%;True;57;True;69183481;True;430;{};True;http://linkeddata.uriburner.com/sparql;True;-1;0.472;47.193;0.5;0.5;0.0013416149624871844;0.51;0.4;0.20104511626625152;0.0;0.8316666666666667;9.413955424741993e-06;0.375;0.5;1.0;0.0;0.6666666666666666;0.020400333245637114;0.42001946438993576;0.6397406662360332;0.8726430443498427;1.0;1.0
URIBurner;uriburner;2024-01-28;Available;-1;True;True;-;VoID file offline;License not specified - notspecified -;http://creativecommons.org/licenses/by/3.0/;-;5;0,600;0,003;4188749;True;False;0,234;0,580;0,369;0,131;3;4;3,5;0,5;0,273;0,460;0,297;3,0;4,0;3,5;1.0;1.0;-;1.0;1.0;0.99953;0.005695581331257525;0.999999997437679;Unable to retrieve properties from the endpoint;True;Unable to retrieve classes from the endpoint;0.9998722529221593;-;-;9,413955424741993e-05;URIBurner;"A service that delivers RDF-based structured descriptions of Web addressable resources in a variety of formats through Generic HTTP URIs.

The underlying technology is Virtuoso's Sponger, which takes an existing Web-accessible resource (webpage, media) and generates an RDF graph of its metadata using existing well-known ontologies as well as site-specific knowledge. URIBurner then re-presents this data as either a new HTML webpage, or directly as RDF in a variety of serializations (RDF/XML, text/n3, turtle, JSON).

### Issues

The linking information is incomplete and the numbers are guesswork.";http://uriburner.com/;-;0,75;57;1280;False;185;141;Web:http://uriburner.com/ Name:OpenLink Software Email:Absent;False;738917;2023-07-10;1.2811605207064775e-07%;207;160;780542316;4000;0.00;-;-;67,61737517192847 (out of 99999 triples considered);27,898813493038993;75,31715946677357 (out of 100000 triples considered);26,433490668400886;-;-;-;-;-;13;64,0;72,0;77,0;1879;19;66,0;70,0;82,0;1879;True;88711157;11.37%;True;57;True;69587345;True;430;{};True;http://linkeddata.uriburner.com/sparql;True;-1;0.472;47.193;0.5;0.5;0.0013416149624871844;0.51;0.4;0.20104511626625152;0.0;0.8316666666666667;9.413955424741993e-06;0.375;0.5;1.0;0.0;0.6666666666666666;0.020400333245637114;0.42001946438993576;0.6397406662360332;0.8726430443498427;1.0;1.0
tags2con delicious;tags2condelicious;2024-01-07;-;-1;absent;False;-;VoID file available;Creative Commons Non-Commercial (Any) - cc-nc -;http://creativecommons.org/licenses/by-nc-nd/3.0/;-;2;1,000;0,001;-;-;-;-;-;-;-;-;-;-;-;-;-;-;-;-;-;-;-;-;-;-;-;-;-;-;-;-;-;-;-;8,159340198611645e-05;tags2con delicious;"The tags2con dataset has been manually created by a group of human annotators that linked del.icio.us tags to their real meaning.

A subset of a delicious dump has been used to create the tags2con dataset, a set of 500 user-bookmarks pairs have been selected randomly and all the tags used by these pairs have been manually cleaned and disambiguated to WordNet synsets.

More user-bookmark are being currently annotated.";http://disi.unitn.it/~knowdive/dataset/delicious/;False;0,75;9;402;Name: None, Email:andrews@disi.unitn.it;3;1;"Web:http://disi.unitn.it/~knowdive/dataset/delicious/ Name:Pierre Andrews, Ilya Zaihrayeu, Juan Pane Email:andrews@disi.unitn.it; ilya@disi.unitn.it; pane@disi.unitn.it";-;2010-06-19;absent;-;-;absent;85908;609;0.01;-;-;-;-;-;-;-;-;-;-;-;-;-;-;-;-;-;-;-;-;-;-;-;-;True;9;True;-;-;-;{};True;;absent;-1;0.206;20.617;0.25;0.5;0.0;0;0.0;0.0;0.0;0.8316666666666667;8.159340198611644e-06;0.375;1.0;0.0;0.0;0.3333333333333333;0.0;0.0;0.5;0.0;0.3333333333333333;0.0
tags2con delicious;tags2condelicious;2024-01-14;-;-1;absent;False;-;VoID file available;Creative Commons Non-Commercial (Any) - cc-nc -;http://creativecommons.org/licenses/by-nc-nd/3.0/;-;2;1,000;0,001;-;-;-;-;-;-;-;-;-;-;-;-;-;-;-;-;-;-;-;-;-;-;-;-;-;-;-;-;-;-;-;8,159340198611645e-05;tags2con delicious;"The tags2con dataset has been manually created by a group of human annotators that linked del.icio.us tags to their real meaning.

A subset of a delicious dump has been used to create the tags2con dataset, a set of 500 user-bookmarks pairs have been selected randomly and all the tags used by these pairs have been manually cleaned and disambiguated to WordNet synsets.

More user-bookmark are being currently annotated.";http://disi.unitn.it/~knowdive/dataset/delicious/;False;0,75;9;402;Name: None, Email:andrews@disi.unitn.it;3;1;"Web:http://disi.unitn.it/~knowdive/dataset/delicious/ Name:Pierre Andrews, Ilya Zaihrayeu, Juan Pane Email:andrews@disi.unitn.it; ilya@disi.unitn.it; pane@disi.unitn.it";-;2010-06-19;absent;-;-;absent;85908;609;0.01;-;-;-;-;-;-;-;-;-;-;-;-;-;-;-;-;-;-;-;-;-;-;-;-;True;9;True;-;-;-;{};True;;absent;-1;0.206;20.617;0.25;0.5;0.0;0;0.0;0.0;0.0;0.8316666666666667;8.159340198611644e-06;0.375;1.0;0.0;0.0;0.3333333333333333;0.0;0.0;0.5;0.0;0.3333333333333333;0.0
tags2con delicious;tags2condelicious;2024-01-21;-;-1;absent;False;-;VoID file available;Creative Commons Non-Commercial (Any) - cc-nc -;http://creativecommons.org/licenses/by-nc-nd/3.0/;-;2;1,000;0,001;-;-;-;-;-;-;-;-;-;-;-;-;-;-;-;-;-;-;-;-;-;-;-;-;-;-;-;-;-;-;-;8,159340198611645e-05;tags2con delicious;"The tags2con dataset has been manually created by a group of human annotators that linked del.icio.us tags to their real meaning.

A subset of a delicious dump has been used to create the tags2con dataset, a set of 500 user-bookmarks pairs have been selected randomly and all the tags used by these pairs have been manually cleaned and disambiguated to WordNet synsets.

More user-bookmark are being currently annotated.";http://disi.unitn.it/~knowdive/dataset/delicious/;False;0,75;9;402;Name: None, Email:andrews@disi.unitn.it;3;1;"Web:http://disi.unitn.it/~knowdive/dataset/delicious/ Name:Pierre Andrews, Ilya Zaihrayeu, Juan Pane Email:andrews@disi.unitn.it; ilya@disi.unitn.it; pane@disi.unitn.it";-;2010-06-19;absent;-;-;absent;85908;609;0.01;-;-;-;-;-;-;-;-;-;-;-;-;-;-;-;-;-;-;-;-;-;-;-;-;True;9;True;-;-;-;{};True;;absent;-1;0.206;20.617;0.25;0.5;0.0;0;0.0;0.0;0.0;0.8316666666666667;8.159340198611644e-06;0.375;1.0;0.0;0.0;0.3333333333333333;0.0;0.0;0.5;0.0;0.3333333333333333;0.0
tags2con delicious;tags2condelicious;2024-01-28;-;-1;absent;False;-;VoID file available;Creative Commons Non-Commercial (Any) - cc-nc -;http://creativecommons.org/licenses/by-nc-nd/3.0/;-;2;1,000;0,001;-;-;-;-;-;-;-;-;-;-;-;-;-;-;-;-;-;-;-;-;-;-;-;-;-;-;-;-;-;-;-;8,159340198611645e-05;tags2con delicious;"The tags2con dataset has been manually created by a group of human annotators that linked del.icio.us tags to their real meaning.

A subset of a delicious dump has been used to create the tags2con dataset, a set of 500 user-bookmarks pairs have been selected randomly and all the tags used by these pairs have been manually cleaned and disambiguated to WordNet synsets.

More user-bookmark are being currently annotated.";http://disi.unitn.it/~knowdive/dataset/delicious/;-;0,75;9;402;Name: None, Email:andrews@disi.unitn.it;3;1;"Web:http://disi.unitn.it/~knowdive/dataset/delicious/ Name:Pierre Andrews, Ilya Zaihrayeu, Juan Pane Email:andrews@disi.unitn.it; ilya@disi.unitn.it; pane@disi.unitn.it";-;2010-06-19;absent;-;-;absent;85908;609;0.01;-;-;-;-;-;-;-;-;-;-;-;-;-;-;-;-;-;-;-;-;-;-;-;-;True;9;True;-;-;-;{};True;;absent;-1;0.206;20.617;0.25;0.5;0.0;0;0.0;0.0;0.0;0.8316666666666667;8.159340198611644e-06;0.375;1.0;0.0;0.0;0.3333333333333333;0.0;0.0;0.5;0.0;0.3333333333333333;0.0